{"stats":{"minecraft:dropped":{"minecraft:porkchop":1},"minecraft:custom":{"minecraft:jump":69,"minecraft:time_since_rest":3246,"minecraft:damage_dealt":160,"minecraft:leave_game":1,"minecraft:sprint_one_cm":8422,"minecraft:play_time":3246,"minecraft:time_since_death":3246,"minecraft:walk_one_cm":2095,"minecraft:total_world_time":3246,"minecraft:mob_kills":1,"minecraft:drop":1,"minecraft:fall_one_cm":1881,"minecraft:fly_one_cm":14238},"minecraft:mined":{"minecraft:short_grass":3},"minecraft:picked_up":{"minecraft:porkchop":1},"minecraft:killed":{"minecraft:pig":1}},"DataVersion":3700}